-- phpMyAdmin SQL Dump
-- version 4.5.4.1deb2ubuntu2
-- http://www.phpmyadmin.net
--
-- Host: localhost
-- Generation Time: Nov 18, 2016 at 01:32 AM
-- Server version: 5.7.16-0ubuntu0.16.04.1
-- PHP Version: 7.0.8-0ubuntu0.16.04.3

SET SQL_MODE = "NO_AUTO_VALUE_ON_ZERO";
SET time_zone = "+00:00";


/*!40101 SET @OLD_CHARACTER_SET_CLIENT=@@CHARACTER_SET_CLIENT */;
/*!40101 SET @OLD_CHARACTER_SET_RESULTS=@@CHARACTER_SET_RESULTS */;
/*!40101 SET @OLD_COLLATION_CONNECTION=@@COLLATION_CONNECTION */;
/*!40101 SET NAMES utf8mb4 */;

--
-- Database: `Memory1`
--

-- --------------------------------------------------------

--
-- Table structure for table `Maps`
--

CREATE TABLE `Maps` (
  `UserId` varchar(255) NOT NULL,
  `Map` varchar(255) DEFAULT NULL
) ENGINE=InnoDB DEFAULT CHARSET=latin1;

--
-- Dumping data for table `Maps`
--

INSERT INTO `Maps` (`UserId`, `Map`) VALUES
('alectuoh_buffalo', '4,7,3,1,2,2,5,6,3,2,2,8,0,0,7,0,4,1,9,1,3,8,3,9,5,0'),
('alikafag_buffalo', '3,3,1,1,7,2,9,9,4,5,2,7,3,8,6,3,6,8,3,6,1,9,6,5,6,1'),
('aschmidlin3_other', '6,1,4,4,6,5,3,3,0,5,4,5,7,2,4,7,9,9,6,9,5,0,8,6,9,7'),
('barrylee.tech_other', '0,0,0,0,8,9,2,1,2,9,1,2,3,2,4,3,5,2,8,4,6,3,3,0,7,6'),
('bli5_buffalo', '1,6,1,4,6,5,5,3,1,6,3,3,7,1,3,6,6,5,8,9,7,3,9,1,8,0'),
('bpriexin_buffalo', '3,7,1,5,0,6,9,9,5,0,6,5,0,6,1,2,7,8,7,2,6,9,5,8,8,9'),
('btgreen2_buffalo', '1,3,4,9,3,4,7,0,1,3,3,3,6,0,0,8,3,7,7,5,2,8,7,2,0,3'),
('carlnues_buffalo', '9,5,5,7,5,0,0,5,7,7,1,7,3,2,5,5,1,5,3,0,5,4,4,5,8,1'),
('crdushko_buffalo', '1,8,5,8,6,6,0,0,2,1,3,7,8,5,8,7,5,6,3,4,0,3,0,2,4,0'),
('cwang46_buffalo', '2,0,2,7,8,9,9,9,0,7,9,2,8,0,4,1,4,2,2,2,0,7,3,4,1,5'),
('davideva_buffalo', '4,8,5,1,6,1,1,3,1,6,6,5,9,2,6,5,5,7,7,5,5,3,2,0,6,7'),
('dershent_buffalo', '8,8,1,8,9,7,5,2,4,7,9,3,9,8,9,6,2,6,1,3,2,1,5,5,9,2'),
('dff72324_other', '9,0,7,3,2,8,5,0,6,9,8,3,5,9,0,2,7,9,1,4,2,3,4,5,1,1'),
('eggarwol_buffalo', '5,9,8,2,7,1,4,4,6,8,2,2,1,4,3,7,6,3,2,1,4,0,8,7,8,4'),
('erickher_buffalo', '3,7,3,4,7,7,0,6,9,6,0,1,5,7,8,2,4,6,1,1,3,8,2,2,3,6'),
('evantrue_buffalo', '8,2,9,3,9,6,0,3,0,7,1,2,9,0,4,1,9,0,9,6,3,8,3,1,5,6'),
('fyang23_buffalo', '2,7,7,7,5,8,2,6,7,5,7,1,7,1,9,4,2,3,3,2,5,2,3,9,5,3'),
('hartloff_buffalo', '6,0,6,5,8,9,0,6,3,4,0,1,3,1,6,7,6,4,0,2,8,7,4,6,1,2'),
('iacaneda_buffalo', '7,8,7,7,1,9,6,2,5,8,4,7,7,8,0,0,4,5,2,5,4,5,9,4,6,0'),
('jaeheunk_buffalo', '0,3,6,7,4,5,2,3,6,3,7,0,9,4,5,0,0,1,7,1,9,1,1,2,7,7'),
('jake.condello_other', '8,3,3,7,4,8,7,2,4,1,2,3,8,1,0,6,8,3,9,9,4,0,5,1,3,2'),
('jcharlong403_other', '9,3,7,4,3,0,1,7,7,2,6,0,9,2,6,2,3,5,9,2,4,3,7,3,4,2'),
('jessetay_buffalo', '6,7,0,8,7,6,7,1,2,0,0,8,8,4,8,6,7,8,5,9,9,0,9,0,1,8'),
('jhuang42_buffalo', '5,0,8,4,1,7,2,0,8,0,5,4,3,9,7,7,1,8,4,8,1,1,0,1,6,4'),
('jimmyrustles94_other', '7,7,0,8,2,2,6,9,4,9,2,6,0,4,2,0,0,0,1,8,6,4,3,9,0,0'),
('jjoseph8_buffalo', '5,8,6,4,6,5,7,5,2,8,3,0,4,5,8,3,2,3,1,0,7,1,5,1,3,2'),
('jpschnel_buffalo', '1,5,2,2,9,6,4,6,8,5,1,6,8,4,6,9,7,4,5,1,7,8,8,0,8,2'),
('kaiyukan_buffalo', '9,9,4,1,8,3,0,7,8,7,0,1,2,1,8,9,0,6,3,6,2,1,1,8,2,2'),
('lumeng0101_other', '9,8,9,2,2,4,2,9,8,3,2,4,5,9,9,8,6,6,2,4,2,1,2,7,0,4'),
('meschmidt125_other', '2,6,6,2,6,3,2,2,7,8,2,2,6,2,3,3,9,4,9,7,2,6,6,2,1,8'),
('mjluck_buffalo', '2,6,2,8,3,1,7,8,0,5,3,1,5,4,2,0,1,0,5,5,8,9,0,8,1,1'),
('mrnorton_buffalo', '1,0,2,3,1,6,7,1,1,7,8,3,1,5,1,2,1,5,0,7,0,6,0,8,4,7'),
('murphy53_buffalo', '4,4,4,7,3,9,8,8,3,1,2,1,0,8,7,0,8,9,7,1,4,3,9,3,5,9'),
('mwehar_buffalo', '0,1,4,8,6,9,5,5,4,8,2,1,2,1,2,5,0,1,7,3,7,9,4,3,6,2'),
('nwhahn_buffalo', '2,6,5,9,3,4,8,1,1,5,1,6,3,3,5,5,2,5,0,5,0,6,9,7,6,1'),
('rundali_buffalo', '3,0,6,6,2,9,8,1,1,1,1,0,1,2,7,4,0,2,1,7,9,0,5,8,7,9'),
('sabryna11397_other', '4,3,9,7,5,2,2,1,4,3,1,7,1,1,0,2,5,7,2,5,5,8,1,0,0,6'),
('saisaokh_buffalo', '4,7,3,8,2,1,4,1,4,2,5,4,8,2,3,4,3,7,0,0,1,5,4,5,0,5'),
('satyakra_buffalo', '0,5,6,6,6,3,6,5,1,8,9,1,5,4,2,6,8,6,0,6,1,5,7,6,3,6'),
('shawnmathew93_other', '2,9,1,1,9,8,6,1,9,0,0,6,9,4,7,0,1,0,3,6,0,6,5,0,2,7'),
('shokoors_buffalo', '2,3,7,8,9,4,7,2,3,4,8,7,5,4,9,3,9,4,8,0,2,4,1,9,5,3'),
('sjmarcy_buffalo', '4,3,4,8,7,4,6,9,6,4,4,2,7,4,9,5,9,9,0,5,9,7,1,6,5,5'),
('swilser_buffalo', '9,7,5,3,8,4,3,0,8,9,7,0,4,8,9,2,2,4,3,7,2,8,0,3,4,4'),
('thalaiky_buffalo', '8,0,5,4,4,1,3,0,7,7,3,2,5,2,5,2,3,2,8,5,6,1,6,8,8,2'),
('thomas.quinn27_other', '3,6,6,9,7,6,6,0,2,8,5,0,6,9,6,5,5,8,8,7,4,9,2,2,8,1'),
('tmpjac_other', '4,2,9,6,7,0,1,6,3,3,2,9,4,8,2,0,6,7,3,2,3,9,5,9,3,6'),
('wlstewar_buffalo', '9,2,5,7,0,4,8,5,3,7,7,4,1,2,2,8,5,9,1,2,5,0,8,2,8,7'),
('xiaofeil_buffalo', '5,8,9,9,6,9,2,5,4,8,5,9,5,6,4,4,1,5,4,2,2,3,7,3,4,0'),
('yonghyun_buffalo', '3,7,5,9,3,3,0,7,0,4,7,5,7,3,0,4,9,0,6,5,8,2,7,2,7,5'),
('yosephha_buffalo', '8,8,8,2,2,7,1,0,1,4,8,0,4,9,4,0,4,4,4,4,6,3,6,0,2,5'),
('yousefja_buffalo', '6,4,4,0,9,6,2,3,0,1,4,1,6,8,7,7,6,4,3,9,1,1,4,4,2,2');

-- --------------------------------------------------------

--
-- Table structure for table `Scores`
--

CREATE TABLE `Scores` (
  `UserId` varchar(255) DEFAULT NULL,
  `Score` int(11) DEFAULT NULL,
  `TimeStamp` timestamp NOT NULL DEFAULT CURRENT_TIMESTAMP ON UPDATE CURRENT_TIMESTAMP
) ENGINE=InnoDB DEFAULT CHARSET=latin1;

--
-- Dumping data for table `Scores`
--

INSERT INTO `Scores` (`UserId`, `Score`, `TimeStamp`) VALUES
('tmpjac_other', 0, '2016-11-16 03:25:20'),
('tmpjac_other', 306, '2016-11-16 03:28:08'),
('jake.condello_other', 480, '2016-11-16 04:06:19'),
('jake.condello_other', 0, '2016-11-16 04:08:31'),
('dff72324_other', 1270, '2016-11-16 05:07:55'),
('thalaiky_buffalo', 0, '2016-11-16 18:05:36'),
('thalaiky_buffalo', 1456, '2016-11-16 18:17:33'),
('sabryna11397_other', 2100, '2016-11-16 18:19:35'),
('thalaiky_buffalo', 2310, '2016-11-16 18:21:10'),
('jake.condello_other', 0, '2016-11-16 18:30:28'),
('jake.condello_other', 501, '2016-11-16 18:30:50'),
('bpriexin_buffalo', 696, '2016-11-16 18:35:32'),
('thomas.quinn27_other', 700, '2016-11-16 18:36:51'),
('thomas.quinn27_other', 630, '2016-11-16 18:39:07'),
('thomas.quinn27_other', 612, '2016-11-16 18:40:53'),
('hartloff_buffalo', 165, '2016-11-16 18:43:28'),
('hartloff_buffalo', 660, '2016-11-16 18:43:49'),
('hartloff_buffalo', 984, '2016-11-16 18:44:11'),
('bpriexin_buffalo', 161, '2016-11-16 18:46:43'),
('bpriexin_buffalo', 668, '2016-11-16 18:47:35'),
('mrnorton_buffalo', 800, '2016-11-16 18:52:48'),
('jjoseph8_buffalo', 495, '2016-11-16 18:54:21'),
('jaeheunk_buffalo', 0, '2016-11-16 18:59:19'),
('jaeheunk_buffalo', 1600, '2016-11-16 19:00:59'),
('hartloff_buffalo', 400, '2016-11-16 19:01:30'),
('alectuoh_buffalo', 555, '2016-11-16 19:02:21'),
('barrylee.tech_other', 1032, '2016-11-16 19:04:25'),
('yousefja_buffalo', 800, '2016-11-16 19:05:57'),
('aschmidlin3_other', 1100, '2016-11-16 19:05:58'),
('alectuoh_buffalo', 396, '2016-11-16 19:06:25'),
('btgreen2_buffalo', 700, '2016-11-16 19:06:26'),
('murphy53_buffalo', 660, '2016-11-16 19:07:50'),
('murphy53_buffalo', 338, '2016-11-16 19:08:02'),
('jcharlong403_other', 545, '2016-11-16 19:08:15'),
('murphy53_buffalo', 668, '2016-11-16 19:08:29'),
('eggarwol_buffalo', 400, '2016-11-16 19:11:51'),
('cwang46_buffalo', 1900, '2016-11-16 19:12:41'),
('eggarwol_buffalo', 552, '2016-11-16 19:13:05'),
('bli5_buffalo', 2033, '2016-11-16 19:13:35'),
('eggarwol_buffalo', 835, '2016-11-16 19:13:49'),
('jpschnel_buffalo', 800, '2016-11-16 19:15:36'),
('sjmarcy_buffalo', 654, '2016-11-16 19:15:37'),
('yosephha_buffalo', 1000, '2016-11-16 19:16:06'),
('kaiyukan_buffalo', 2475, '2016-11-16 19:17:03'),
('eggarwol_buffalo', 1044, '2016-11-16 19:18:03'),
('sjmarcy_buffalo', 700, '2016-11-16 19:18:55'),
('hartloff_buffalo', 2500, '2016-11-16 19:19:43'),
('eggarwol_buffalo', 1000, '2016-11-16 19:20:20'),
('evantrue_buffalo', 500, '2016-11-16 19:20:21'),
('murphy53_buffalo', 792, '2016-11-16 19:21:37'),
('bli5_buffalo', 2618, '2016-11-16 19:21:53'),
('davideva_buffalo', 342, '2016-11-16 19:21:55'),
('wlstewar_buffalo', 1695, '2016-11-16 19:22:40'),
('bli5_buffalo', 2904, '2016-11-16 19:23:36'),
('crdushko_buffalo', 408, '2016-11-16 19:25:04'),
('bli5_buffalo', 2775, '2016-11-16 19:25:11'),
('bli5_buffalo', 3175, '2016-11-16 19:26:13'),
('wlstewar_buffalo', 1680, '2016-11-16 19:26:40'),
('hartloff_buffalo', 2756, '2016-11-16 19:27:12'),
('bli5_buffalo', 3225, '2016-11-16 19:28:14'),
('murphy53_buffalo', 800, '2016-11-16 19:28:36'),
('wlstewar_buffalo', 1824, '2016-11-16 19:29:52'),
('murphy53_buffalo', 1199, '2016-11-16 19:29:58'),
('swilser_buffalo', 575, '2016-11-16 19:29:59'),
('jessetay_buffalo', 2500, '2016-11-16 19:31:14'),
('swilser_buffalo', 0, '2016-11-16 19:31:58'),
('mjluck_buffalo', 163, '2016-11-16 19:32:03'),
('wlstewar_buffalo', 2596, '2016-11-16 19:34:07'),
('wlstewar_buffalo', 2838, '2016-11-16 19:37:28'),
('rundali_buffalo', 600, '2016-11-16 19:42:16'),
('nwhahn_buffalo', 381, '2016-11-16 19:46:25'),
('shokoors_buffalo', 236, '2016-11-16 19:59:36'),
('meschmidt125_other', 516, '2016-11-16 20:08:45'),
('xiaofeil_buffalo', 1700, '2016-11-16 20:09:34'),
('meschmidt125_other', 3224, '2016-11-16 20:13:09'),
('meschmidt125_other', 3198, '2016-11-16 20:15:57'),
('jake.condello_other', 1900, '2016-11-16 20:59:33'),
('jake.condello_other', 2000, '2016-11-16 21:00:58'),
('jake.condello_other', 2400, '2016-11-16 21:02:19'),
('jake.condello_other', 2425, '2016-11-16 21:03:39'),
('jake.condello_other', 2500, '2016-11-16 21:04:57'),
('jake.condello_other', 2912, '2016-11-16 21:06:27'),
('jhuang42_buffalo', 150, '2016-11-16 22:42:21'),
('jhuang42_buffalo', 1053, '2016-11-16 22:46:47'),
('dff72324_other', 1600, '2016-11-17 00:07:50'),
('dff72324_other', 2200, '2016-11-17 00:09:04'),
('dff72324_other', 2664, '2016-11-17 00:13:39'),
('dff72324_other', 2604, '2016-11-17 00:14:37'),
('dff72324_other', 2875, '2016-11-17 00:17:13'),
('dff72324_other', 3059, '2016-11-17 00:17:59'),
('dff72324_other', 3300, '2016-11-17 00:20:44'),
('satyakra_buffalo', 1400, '2016-11-17 00:50:33'),
('jake.condello_other', 1000, '2016-11-17 02:19:12'),
('jake.condello_other', 2100, '2016-11-17 02:20:32'),
('jake.condello_other', 2938, '2016-11-17 02:21:59'),
('jake.condello_other', 3016, '2016-11-17 02:23:51'),
('jake.condello_other', 3016, '2016-11-17 02:25:25'),
('jake.condello_other', 3276, '2016-11-17 02:26:17'),
('jake.condello_other', 0, '2016-11-17 02:29:33'),
('jake.condello_other', 0, '2016-11-17 02:29:56'),
('jake.condello_other', 0, '2016-11-17 02:31:02'),
('jake.condello_other', 0, '2016-11-17 02:31:26'),
('jake.condello_other', 0, '2016-11-17 02:31:36'),
('jake.condello_other', 0, '2016-11-17 02:33:54'),
('jake.condello_other', 0, '2016-11-17 02:34:21'),
('dershent_buffalo', 500, '2016-11-17 03:35:49'),
('dff72324_other', 3614, '2016-11-17 04:22:16'),
('jake.condello_other', 2834, '2016-11-17 14:29:26'),
('bli5_buffalo', 3240, '2016-11-17 21:26:28'),
('bli5_buffalo', 3289, '2016-11-17 21:27:43'),
('bli5_buffalo', 3312, '2016-11-17 21:28:46'),
('bli5_buffalo', 3575, '2016-11-17 21:29:21'),
('bli5_buffalo', 3525, '2016-11-17 21:30:57'),
('bli5_buffalo', 3600, '2016-11-17 21:31:49'),
('bli5_buffalo', 3822, '2016-11-17 21:32:44'),
('bli5_buffalo', 3102, '2016-11-17 21:37:03'),
('bli5_buffalo', 3848, '2016-11-17 21:37:42'),
('bli5_buffalo', 3718, '2016-11-17 21:38:51'),
('bli5_buffalo', 3848, '2016-11-17 21:40:12'),
('bli5_buffalo', 3822, '2016-11-17 21:40:44'),
('bli5_buffalo', 3848, '2016-11-17 21:41:18'),
('bli5_buffalo', 3874, '2016-11-17 21:42:01'),
('bli5_buffalo', 3822, '2016-11-17 21:43:14'),
('bli5_buffalo', 3822, '2016-11-17 21:43:51'),
('bli5_buffalo', 3874, '2016-11-17 21:44:44'),
('bli5_buffalo', 3796, '2016-11-17 21:45:41'),
('bli5_buffalo', 3874, '2016-11-17 21:48:31'),
('dff72324_other', 0, '2016-11-17 21:51:46'),
('bli5_buffalo', 3874, '2016-11-17 21:53:14'),
('bli5_buffalo', 3926, '2016-11-17 21:55:36'),
('dff72324_other', 3718, '2016-11-17 21:56:51'),
('dff72324_other', 3744, '2016-11-17 21:57:38'),
('dff72324_other', 3744, '2016-11-17 21:58:55'),
('dff72324_other', 3796, '2016-11-17 21:59:39'),
('bli5_buffalo', 3926, '2016-11-17 22:01:19'),
('bli5_buffalo', 1700, '2016-11-17 22:03:31'),
('bli5_buffalo', 3900, '2016-11-17 22:05:41'),
('bli5_buffalo', 3848, '2016-11-17 22:12:25'),
('bli5_buffalo', 3900, '2016-11-17 22:14:02'),
('bli5_buffalo', 3848, '2016-11-17 22:15:55'),
('bli5_buffalo', 3926, '2016-11-17 22:20:11'),
('bli5_buffalo', 1256, '2016-11-17 22:23:34'),
('bli5_buffalo', 100, '2016-11-17 22:27:57'),
('erickher_buffalo', 2652, '2016-11-18 01:05:06'),
('shawnmathew93_other', 310, '2016-11-18 01:30:01'),
('shawnmathew93_other', 336, '2016-11-18 01:30:18'),
('shawnmathew93_other', 0, '2016-11-18 01:32:22');

-- --------------------------------------------------------

--
-- Table structure for table `SessionTokens`
--

CREATE TABLE `SessionTokens` (
  `UserId` varchar(255) NOT NULL,
  `SessionToken` varchar(255) DEFAULT NULL
) ENGINE=InnoDB DEFAULT CHARSET=latin1;

--
-- Dumping data for table `SessionTokens` (Removed)
--

-- --------------------------------------------------------

--
-- Table structure for table `UserBadges`
--

CREATE TABLE `UserBadges` (
  `UserId` varchar(255) DEFAULT NULL,
  `BadgeName` varchar(255) DEFAULT NULL,
  `TimeStamp` timestamp NOT NULL DEFAULT CURRENT_TIMESTAMP ON UPDATE CURRENT_TIMESTAMP
) ENGINE=InnoDB DEFAULT CHARSET=latin1;

--
-- Dumping data for table `UserBadges`
--

INSERT INTO `UserBadges` (`UserId`, `BadgeName`, `TimeStamp`) VALUES
('tmpjac_other', 'google', '2016-11-16 03:28:30'),
('tmpjac_other', 'google', '2016-11-16 03:29:01'),
('tmpjac_other', 'google', '2016-11-16 03:56:24'),
('tmpjac_other', 'google', '2016-11-16 03:56:32'),
('tmpjac_other', 'google', '2016-11-16 04:03:45'),
('jake.condello_other', 'google', '2016-11-16 04:06:28'),
('dff72324_other', 'google', '2016-11-16 05:06:46'),
('dff72324_other', 'google', '2016-11-16 05:08:27'),
('jake.condello_other', 'google', '2016-11-16 14:43:29'),
('yonghyun_buffalo', 'google', '2016-11-16 16:30:15'),
('sabryna11397_other', 'google', '2016-11-16 18:16:15'),
('hartloff_buffalo', 'google', '2016-11-16 18:35:14'),
('thomas.quinn27_other', 'google', '2016-11-16 18:41:56'),
('sabryna11397_other', 'google', '2016-11-16 18:42:38'),
('dff72324_other', 'google', '2016-11-16 18:46:23'),
('bpriexin_buffalo', 'google', '2016-11-16 18:47:11'),
('mrnorton_buffalo', 'google', '2016-11-16 18:53:42'),
('bli5_buffalo', 'google', '2016-11-16 18:54:09'),
('jjoseph8_buffalo', 'google', '2016-11-16 18:54:57'),
('bli5_buffalo', 'google', '2016-11-16 18:56:34'),
('cwang46_buffalo', 'google', '2016-11-16 19:05:41'),
('yousefja_buffalo', 'google', '2016-11-16 19:06:26'),
('btgreen2_buffalo', 'google', '2016-11-16 19:06:56'),
('jake.condello_other', 'google', '2016-11-16 19:07:58'),
('kaiyukan_buffalo', 'google', '2016-11-16 19:10:08'),
('btgreen2_buffalo', 'google', '2016-11-16 19:10:49'),
('yosephha_buffalo', 'google', '2016-11-16 19:16:48'),
('yosephha_buffalo', 'google', '2016-11-16 19:16:54'),
('swilser_buffalo', 'google', '2016-11-16 19:20:53'),
('kaiyukan_buffalo', 'google', '2016-11-16 19:21:29'),
('bli5_buffalo', 'google', '2016-11-16 19:22:20'),
('evantrue_buffalo', 'google', '2016-11-16 19:26:00'),
('bli5_buffalo', 'google', '2016-11-16 19:26:15'),
('wlstewar_buffalo', 'google', '2016-11-16 19:26:49'),
('bli5_buffalo', 'google', '2016-11-16 19:28:19'),
('bli5_buffalo', 'google', '2016-11-16 19:28:31'),
('bli5_buffalo', 'google', '2016-11-16 19:28:39'),
('wlstewar_buffalo', 'google', '2016-11-16 19:28:45'),
('bli5_buffalo', 'google', '2016-11-16 19:29:32'),
('bli5_buffalo', 'google', '2016-11-16 19:31:02'),
('wlstewar_buffalo', 'google', '2016-11-16 19:34:18'),
('jessetay_buffalo', 'google', '2016-11-16 19:34:27'),
('wlstewar_buffalo', 'google', '2016-11-16 19:34:37'),
('wlstewar_buffalo', 'google', '2016-11-16 19:34:49'),
('wlstewar_buffalo', 'google', '2016-11-16 19:39:13'),
('wlstewar_buffalo', 'google', '2016-11-16 19:39:42'),
('wlstewar_buffalo', 'google', '2016-11-16 19:40:03'),
('wlstewar_buffalo', 'google', '2016-11-16 19:40:33'),
('wlstewar_buffalo', 'google', '2016-11-16 19:41:03'),
('wlstewar_buffalo', 'google', '2016-11-16 19:41:13'),
('wlstewar_buffalo', 'google', '2016-11-16 19:41:26'),
('wlstewar_buffalo', 'google', '2016-11-16 19:41:37'),
('wlstewar_buffalo', 'google', '2016-11-16 19:41:52'),
('wlstewar_buffalo', 'google', '2016-11-16 19:42:03'),
('wlstewar_buffalo', 'google', '2016-11-16 19:42:19'),
('wlstewar_buffalo', 'google', '2016-11-16 19:42:50'),
('wlstewar_buffalo', 'google', '2016-11-16 19:42:59'),
('wlstewar_buffalo', 'google', '2016-11-16 19:43:37'),
('wlstewar_buffalo', 'google', '2016-11-16 19:46:58'),
('wlstewar_buffalo', 'google', '2016-11-16 19:47:30'),
('shokoors_buffalo', 'google', '2016-11-16 20:02:56'),
('jake.condello_other', 'google', '2016-11-16 21:06:45'),
('jake.condello_other', 'google', '2016-11-17 03:32:35'),
('jake.condello_other', 'google', '2016-11-17 03:44:18'),
('jake.condello_other', 'google', '2016-11-17 03:46:37'),
('jake.condello_other', 'google', '2016-11-17 03:48:12'),
('dff72324_other', 'google', '2016-11-17 04:24:34'),
('dff72324_other', 'google', '2016-11-17 04:25:05'),
('jimmyrustles94_other', 'google', '2016-11-17 09:02:06'),
('dff72324_other', 'google', '2016-11-17 21:14:31'),
('kaiyukan_buffalo', 'google', '2016-11-17 21:46:19'),
('bli5_buffalo', 'google', '2016-11-17 22:48:29'),
('shawnmathew93_other', 'google', '2016-11-18 01:04:48');

-- --------------------------------------------------------

--
-- Table structure for table `Users`
--

CREATE TABLE `Users` (
  `UserId` varchar(255) NOT NULL,
  `UserName` varchar(255) DEFAULT NULL,
  `Alias` varchar(255) DEFAULT NULL
) ENGINE=InnoDB DEFAULT CHARSET=latin1;

--
-- Dumping data for table `Users` (Removed)
--

-- --------------------------------------------------------

--
-- Table structure for table `UserTraining`
--

CREATE TABLE `UserTraining` (
  `UserId` varchar(255) DEFAULT NULL,
  `Map` varchar(255) DEFAULT NULL,
  `TrainMod` varchar(255) DEFAULT NULL,
  `Time` double DEFAULT NULL,
  `TimeStamp` timestamp NOT NULL DEFAULT CURRENT_TIMESTAMP ON UPDATE CURRENT_TIMESTAMP
) ENGINE=InnoDB DEFAULT CHARSET=latin1;

--
-- Dumping data for table `UserTraining`
--

INSERT INTO `UserTraining` (`UserId`, `Map`, `TrainMod`, `Time`, `TimeStamp`) VALUES
('tmpjac_other', '4,2,9,6,7,0,1,6,3,3,2,9,4,8,2,0,6,7,3,2,3,9,5,9,3,6', '3', 1, '2016-11-16 03:24:01'),
('tmpjac_other', '4,2,9,6,7,0,1,6,3,3,2,9,4,8,2,0,6,7,3,2,3,9,5,9,3,6', '2', 9, '2016-11-16 03:56:59'),
('tmpjac_other', '4,2,9,6,7,0,1,6,3,3,2,9,4,8,2,0,6,7,3,2,3,9,5,9,3,6', '2', 9, '2016-11-16 03:57:08'),
('tmpjac_other', '4,2,9,6,7,0,1,6,3,3,2,9,4,8,2,0,6,7,3,2,3,9,5,9,3,6', '2', 9, '2016-11-16 03:57:17'),
('tmpjac_other', '4,2,9,6,7,0,1,6,3,3,2,9,4,8,2,0,6,7,3,2,3,9,5,9,3,6', '2', 9, '2016-11-16 03:57:19'),
('tmpjac_other', '4,2,9,6,7,0,1,6,3,3,2,9,4,8,2,0,6,7,3,2,3,9,5,9,3,6', '2', 4, '2016-11-16 03:58:54'),
('tmpjac_other', '4,2,9,6,7,0,1,6,3,3,2,9,4,8,2,0,6,7,3,2,3,9,5,9,3,6', '2', 4, '2016-11-16 03:58:56'),
('tmpjac_other', '4,2,9,6,7,0,1,6,3,3,2,9,4,8,2,0,6,7,3,2,3,9,5,9,3,6', '2', 4, '2016-11-16 03:59:38'),
('tmpjac_other', '4,2,9,6,7,0,1,6,3,3,2,9,4,8,2,0,6,7,3,2,3,9,5,9,3,6', '2', 4, '2016-11-16 03:59:40'),
('tmpjac_other', '4,2,9,6,7,0,1,6,3,3,2,9,4,8,2,0,6,7,3,2,3,9,5,9,3,6', '2', 8, '2016-11-16 04:00:13'),
('tmpjac_other', '4,2,9,6,7,0,1,6,3,3,2,9,4,8,2,0,6,7,3,2,3,9,5,9,3,6', '2', 6, '2016-11-16 04:01:22'),
('tmpjac_other', '4,2,9,6,7,0,1,6,3,3,2,9,4,8,2,0,6,7,3,2,3,9,5,9,3,6', '3', 4, '2016-11-16 04:02:27'),
('tmpjac_other', '4,2,9,6,7,0,1,6,3,3,2,9,4,8,2,0,6,7,3,2,3,9,5,9,3,6', '1', 60.058, '2016-11-16 04:03:38'),
('kangmink_buffalo', '', '2', 0, '2016-11-16 07:44:35'),
('kangmink_buffalo', '', '2', 0, '2016-11-16 07:44:38'),
('kangmink_buffalo', '', '2', 0, '2016-11-16 07:44:47'),
('jake.condello_other', '8,3,3,7,4,8,7,2,4,1,2,3,8,1,0,6,8,3,9,9,4,0,5,1,3,2', '2', 63, '2016-11-16 14:41:55'),
('eggarwol_buffalo', '5,9,8,2,7,1,4,4,6,8,2,2,1,4,3,7,6,3,2,1,4,0,8,7,8,4', '1', 81.05, '2016-11-16 16:38:16'),
('yonghyun_buffalo', '3,7,5,9,3,3,0,7,0,4,7,5,7,3,0,4,9,0,6,5,8,2,7,2,7,5', '1', 85.227, '2016-11-16 17:17:27'),
('yonghyun_buffalo', '3,7,5,9,3,3,0,7,0,4,7,5,7,3,0,4,9,0,6,5,8,2,7,2,7,5', '1', 77.014, '2016-11-16 17:35:47'),
('thalaiky_buffalo', '8,0,5,4,4,1,3,0,7,7,3,2,5,2,5,2,3,2,8,5,6,1,6,8,8,2', '1', 68.295, '2016-11-16 18:06:54'),
('thalaiky_buffalo', '8,0,5,4,4,1,3,0,7,7,3,2,5,2,5,2,3,2,8,5,6,1,6,8,8,2', '2', 36, '2016-11-16 18:08:04'),
('thalaiky_buffalo', '8,0,5,4,4,1,3,0,7,7,3,2,5,2,5,2,3,2,8,5,6,1,6,8,8,2', '2', 62, '2016-11-16 18:09:22'),
('thalaiky_buffalo', '8,0,5,4,4,1,3,0,7,7,3,2,5,2,5,2,3,2,8,5,6,1,6,8,8,2', '2', 62, '2016-11-16 18:10:32'),
('thalaiky_buffalo', '8,0,5,4,4,1,3,0,7,7,3,2,5,2,5,2,3,2,8,5,6,1,6,8,8,2', '2', 63, '2016-11-16 18:11:45'),
('thalaiky_buffalo', '8,0,5,4,4,1,3,0,7,7,3,2,5,2,5,2,3,2,8,5,6,1,6,8,8,2', '2', 55, '2016-11-16 18:12:44'),
('thalaiky_buffalo', '8,0,5,4,4,1,3,0,7,7,3,2,5,2,5,2,3,2,8,5,6,1,6,8,8,2', '2', 54, '2016-11-16 18:13:42'),
('sabryna11397_other', '4,3,9,7,5,2,2,1,4,3,1,7,1,1,0,2,5,7,2,5,5,8,1,0,0,6', '1', 50.512, '2016-11-16 18:14:07'),
('sabryna11397_other', '4,3,9,7,5,2,2,1,4,3,1,7,1,1,0,2,5,7,2,5,5,8,1,0,0,6', '2', 94, '2016-11-16 18:15:50'),
('thalaiky_buffalo', '8,0,5,4,4,1,3,0,7,7,3,2,5,2,5,2,3,2,8,5,6,1,6,8,8,2', '1', 125.383, '2016-11-16 18:16:18'),
('thalaiky_buffalo', '8,0,5,4,4,1,3,0,7,7,3,2,5,2,5,2,3,2,8,5,6,1,6,8,8,2', '1', 78.803, '2016-11-16 18:19:21'),
('thomas.quinn27_other', '3,6,6,9,7,6,6,0,2,8,5,0,6,9,6,5,5,8,8,7,4,9,2,2,8,1', '1', 112.454, '2016-11-16 18:20:27'),
('thomas.quinn27_other', '3,6,6,9,7,6,6,0,2,8,5,0,6,9,6,5,5,8,8,7,4,9,2,2,8,1', '1', 85.356, '2016-11-16 18:22:01'),
('thomas.quinn27_other', '3,6,6,9,7,6,6,0,2,8,5,0,6,9,6,5,5,8,8,7,4,9,2,2,8,1', '1', 241.734, '2016-11-16 18:26:22'),
('thomas.quinn27_other', '3,6,6,9,7,6,6,0,2,8,5,0,6,9,6,5,5,8,8,7,4,9,2,2,8,1', '2', 109, '2016-11-16 18:28:17'),
('bpriexin_buffalo', '3,7,1,5,0,6,9,9,5,0,6,5,0,6,1,2,7,8,7,2,6,9,5,8,8,9', '1', 65.629, '2016-11-16 18:29:35'),
('bpriexin_buffalo', '3,7,1,5,0,6,9,9,5,0,6,5,0,6,1,2,7,8,7,2,6,9,5,8,8,9', '2', 92, '2016-11-16 18:31:17'),
('thomas.quinn27_other', '3,6,6,9,7,6,6,0,2,8,5,0,6,9,6,5,5,8,8,7,4,9,2,2,8,1', '2', 177, '2016-11-16 18:33:41'),
('bpriexin_buffalo', '3,7,1,5,0,6,9,9,5,0,6,5,0,6,1,2,7,8,7,2,6,9,5,8,8,9', '3', 53, '2016-11-16 18:34:32'),
('hartloff_buffalo', '6,0,6,5,8,9,0,6,3,4,0,1,3,1,6,7,6,4,0,2,8,7,4,6,1,2', '1', 69.36, '2016-11-16 18:35:06'),
('thomas.quinn27_other', '3,6,6,9,7,6,6,0,2,8,5,0,6,9,6,5,5,8,8,7,4,9,2,2,8,1', '3', 2, '2016-11-16 18:35:33'),
('hartloff_buffalo', '6,0,6,5,8,9,0,6,3,4,0,1,3,1,6,7,6,4,0,2,8,7,4,6,1,2', '2', 81, '2016-11-16 18:37:05'),
('hartloff_buffalo', '6,0,6,5,8,9,0,6,3,4,0,1,3,1,6,7,6,4,0,2,8,7,4,6,1,2', '3', 1, '2016-11-16 18:40:51'),
('mrnorton_buffalo', '1,0,2,3,1,6,7,1,1,7,8,3,1,5,1,2,1,5,0,7,0,6,0,8,4,7', '1', 121.144, '2016-11-16 18:43:32'),
('mrnorton_buffalo', '1,0,2,3,1,6,7,1,1,7,8,3,1,5,1,2,1,5,0,7,0,6,0,8,4,7', '2', 87, '2016-11-16 18:45:22'),
('jaeheunk_buffalo', '0,3,6,7,4,5,2,3,6,3,7,0,9,4,5,0,0,1,7,1,9,1,1,2,7,7', '1', 147.875, '2016-11-16 18:46:50'),
('mrnorton_buffalo', '1,0,2,3,1,6,7,1,1,7,8,3,1,5,1,2,1,5,0,7,0,6,0,8,4,7', '1', 49.858, '2016-11-16 18:46:52'),
('mrnorton_buffalo', '1,0,2,3,1,6,7,1,1,7,8,3,1,5,1,2,1,5,0,7,0,6,0,8,4,7', '1', 62.936, '2016-11-16 18:47:58'),
('mrnorton_buffalo', '1,0,2,3,1,6,7,1,1,7,8,3,1,5,1,2,1,5,0,7,0,6,0,8,4,7', '2', 62, '2016-11-16 18:49:08'),
('jaeheunk_buffalo', '0,3,6,7,4,5,2,3,6,3,7,0,9,4,5,0,0,1,7,1,9,1,1,2,7,7', '2', 152, '2016-11-16 18:49:32'),
('jjoseph8_buffalo', '5,8,6,4,6,5,7,5,2,8,3,0,4,5,8,3,2,3,1,0,7,1,5,1,3,2', '1', 74.466, '2016-11-16 18:51:04'),
('mrnorton_buffalo', '1,0,2,3,1,6,7,1,1,7,8,3,1,5,1,2,1,5,0,7,0,6,0,8,4,7', '3', 18, '2016-11-16 18:51:31'),
('alectuoh_buffalo', '4,7,3,1,2,2,5,6,3,2,2,8,0,0,7,0,4,1,9,1,3,8,3,9,5,0', '1', 57.381, '2016-11-16 18:52:25'),
('jjoseph8_buffalo', '5,8,6,4,6,5,7,5,2,8,3,0,4,5,8,3,2,3,1,0,7,1,5,1,3,2', '2', 83, '2016-11-16 18:52:59'),
('alectuoh_buffalo', '4,7,3,1,2,2,5,6,3,2,2,8,0,0,7,0,4,1,9,1,3,8,3,9,5,0', '1', 63.059, '2016-11-16 18:53:33'),
('alectuoh_buffalo', '4,7,3,1,2,2,5,6,3,2,2,8,0,0,7,0,4,1,9,1,3,8,3,9,5,0', '2', 96, '2016-11-16 18:57:26'),
('barrylee.tech_other', '0,0,0,0,8,9,2,1,2,9,1,2,3,2,4,3,5,2,8,4,6,3,3,0,7,6', '1', 71.748, '2016-11-16 18:58:16'),
('bli5_buffalo', '1,6,1,4,6,5,5,3,1,6,3,3,7,1,3,6,6,5,8,9,7,3,9,1,8,0', '1', 98.894, '2016-11-16 18:58:28'),
('jaeheunk_buffalo', '0,3,6,7,4,5,2,3,6,3,7,0,9,4,5,0,0,1,7,1,9,1,1,2,7,7', '3', 32, '2016-11-16 18:58:59'),
('alectuoh_buffalo', '4,7,3,1,2,2,5,6,3,2,2,8,0,0,7,0,4,1,9,1,3,8,3,9,5,0', '3', 17, '2016-11-16 18:59:43'),
('hartloff_buffalo', '6,0,6,5,8,9,0,6,3,4,0,1,3,1,6,7,6,4,0,2,8,7,4,6,1,2', '1', 933.523, '2016-11-16 18:59:56'),
('bli5_buffalo', '1,6,1,4,6,5,5,3,1,6,3,3,7,1,3,6,6,5,8,9,7,3,9,1,8,0', '2', 104, '2016-11-16 19:00:18'),
('aschmidlin3_other', '6,1,4,4,6,5,3,3,0,5,4,5,7,2,4,7,9,9,6,9,5,0,8,6,9,7', '1', 86.707, '2016-11-16 19:00:38'),
('eggarwol_buffalo', '5,9,8,2,7,1,4,4,6,8,2,2,1,4,3,7,6,3,2,1,4,0,8,7,8,4', '1', 110.972, '2016-11-16 19:00:50'),
('yousefja_buffalo', '6,4,4,0,9,6,2,3,0,1,4,1,6,8,7,7,6,4,3,9,1,1,4,4,2,2', '1', 103.276, '2016-11-16 19:01:01'),
('alectuoh_buffalo', '4,7,3,1,2,2,5,6,3,2,2,8,0,0,7,0,4,1,9,1,3,8,3,9,5,0', '1', 87.435, '2016-11-16 19:01:11'),
('barrylee.tech_other', '0,0,0,0,8,9,2,1,2,9,1,2,3,2,4,3,5,2,8,4,6,3,3,0,7,6', '2', 161, '2016-11-16 19:01:49'),
('aschmidlin3_other', '6,1,4,4,6,5,3,3,0,5,4,5,7,2,4,7,9,9,6,9,5,0,8,6,9,7', '2', 70, '2016-11-16 19:02:02'),
('eggarwol_buffalo', '5,9,8,2,7,1,4,4,6,8,2,2,1,4,3,7,6,3,2,1,4,0,8,7,8,4', '2', 86, '2016-11-16 19:02:23'),
('btgreen2_buffalo', '1,3,4,9,3,4,7,0,1,3,3,3,6,0,0,8,3,7,7,5,2,8,7,2,0,3', '1', 135.049, '2016-11-16 19:02:38'),
('yousefja_buffalo', '6,4,4,0,9,6,2,3,0,1,4,1,6,8,7,7,6,4,3,9,1,1,4,4,2,2', '2', 98, '2016-11-16 19:02:44'),
('jcharlong403_other', '9,3,7,4,3,0,1,7,7,2,6,0,9,2,6,2,3,5,9,2,4,3,7,3,4,2', '1', 103.928, '2016-11-16 19:03:24'),
('barrylee.tech_other', '0,0,0,0,8,9,2,1,2,9,1,2,3,2,4,3,5,2,8,4,6,3,3,0,7,6', '3', 10, '2016-11-16 19:03:37'),
('murphy53_buffalo', '4,4,4,7,3,9,8,8,3,1,2,1,0,8,7,0,8,9,7,1,4,3,9,3,5,9', '1', 70.365, '2016-11-16 19:04:00'),
('alectuoh_buffalo', '4,7,3,1,2,2,5,6,3,2,2,8,0,0,7,0,4,1,9,1,3,8,3,9,5,0', '1', 76.539, '2016-11-16 19:04:01'),
('sjmarcy_buffalo', '4,3,4,8,7,4,6,9,6,4,4,2,7,4,9,5,9,9,0,5,9,7,1,6,5,5', '1', 48.492, '2016-11-16 19:04:03'),
('aschmidlin3_other', '6,1,4,4,6,5,3,3,0,5,4,5,7,2,4,7,9,9,6,9,5,0,8,6,9,7', '1', 142.058, '2016-11-16 19:04:31'),
('btgreen2_buffalo', '1,3,4,9,3,4,7,0,1,3,3,3,6,0,0,8,3,7,7,5,2,8,7,2,0,3', '2', 102, '2016-11-16 19:04:32'),
('fyang23_buffalo', '2,7,7,7,5,8,2,6,7,5,7,1,7,1,9,4,2,3,3,2,5,2,3,9,5,3', '1', 84.512, '2016-11-16 19:04:56'),
('jcharlong403_other', '9,3,7,4,3,0,1,7,7,2,6,0,9,2,6,2,3,5,9,2,4,3,7,3,4,2', '2', 104, '2016-11-16 19:05:17'),
('alectuoh_buffalo', '4,7,3,1,2,2,5,6,3,2,2,8,0,0,7,0,4,1,9,1,3,8,3,9,5,0', '1', 66.574, '2016-11-16 19:05:26'),
('murphy53_buffalo', '4,4,4,7,3,9,8,8,3,1,2,1,0,8,7,0,8,9,7,1,4,3,9,3,5,9', '1', 63.964, '2016-11-16 19:05:43'),
('fyang23_buffalo', '2,7,7,7,5,8,2,6,7,5,7,1,7,1,9,4,2,3,3,2,5,2,3,9,5,3', '2', 58, '2016-11-16 19:06:11'),
('jpschnel_buffalo', '1,5,2,2,9,6,4,6,8,5,1,6,8,4,6,9,7,4,5,1,7,8,8,0,8,2', '1', 55.086, '2016-11-16 19:06:28'),
('murphy53_buffalo', '4,4,4,7,3,9,8,8,3,1,2,1,0,8,7,0,8,9,7,1,4,3,9,3,5,9', '1', 66.759, '2016-11-16 19:07:01'),
('kaiyukan_buffalo', '9,9,4,1,8,3,0,7,8,7,0,1,2,1,8,9,0,6,3,6,2,1,1,8,2,2', '1', 68.849, '2016-11-16 19:07:05'),
('jcharlong403_other', '9,3,7,4,3,0,1,7,7,2,6,0,9,2,6,2,3,5,9,2,4,3,7,3,4,2', '3', 7, '2016-11-16 19:07:08'),
('evantrue_buffalo', '8,2,9,3,9,6,0,3,0,7,1,2,9,0,4,1,9,0,9,6,3,8,3,1,5,6', '1', 64.001, '2016-11-16 19:07:16'),
('cwang46_buffalo', '2,0,2,7,8,9,9,9,0,7,9,2,8,0,4,1,4,2,2,2,0,7,3,4,1,5', '1', 86.519, '2016-11-16 19:07:20'),
('murphy53_buffalo', '4,4,4,7,3,9,8,8,3,1,2,1,0,8,7,0,8,9,7,1,4,3,9,3,5,9', '2', 12, '2016-11-16 19:07:20'),
('jpschnel_buffalo', '1,5,2,2,9,6,4,6,8,5,1,6,8,4,6,9,7,4,5,1,7,8,8,0,8,2', '2', 69, '2016-11-16 19:07:41'),
('sjmarcy_buffalo', '4,3,4,8,7,4,6,9,6,4,4,2,7,4,9,5,9,9,0,5,9,7,1,6,5,5', '2', 60, '2016-11-16 19:07:56'),
('kaiyukan_buffalo', '9,9,4,1,8,3,0,7,8,7,0,1,2,1,8,9,0,6,3,6,2,1,1,8,2,2', '2', 87, '2016-11-16 19:08:46'),
('evantrue_buffalo', '8,2,9,3,9,6,0,3,0,7,1,2,9,0,4,1,9,0,9,6,3,8,3,1,5,6', '2', 92, '2016-11-16 19:08:53'),
('sjmarcy_buffalo', '4,3,4,8,7,4,6,9,6,4,4,2,7,4,9,5,9,9,0,5,9,7,1,6,5,5', '3', 1, '2016-11-16 19:09:03'),
('cwang46_buffalo', '2,0,2,7,8,9,9,9,0,7,9,2,8,0,4,1,4,2,2,2,0,7,3,4,1,5', '2', 101, '2016-11-16 19:09:24'),
('jpschnel_buffalo', '1,5,2,2,9,6,4,6,8,5,1,6,8,4,6,9,7,4,5,1,7,8,8,0,8,2', '1', 95.425, '2016-11-16 19:09:46'),
('eggarwol_buffalo', '5,9,8,2,7,1,4,4,6,8,2,2,1,4,3,7,6,3,2,1,4,0,8,7,8,4', '3', 50, '2016-11-16 19:10:33'),
('btgreen2_buffalo', '1,3,4,9,3,4,7,0,1,3,3,3,6,0,0,8,3,7,7,5,2,8,7,2,0,3', '3', 45, '2016-11-16 19:10:45'),
('cwang46_buffalo', '2,0,2,7,8,9,9,9,0,7,9,2,8,0,4,1,4,2,2,2,0,7,3,4,1,5', '3', 14, '2016-11-16 19:10:51'),
('murphy53_buffalo', '4,4,4,7,3,9,8,8,3,1,2,1,0,8,7,0,8,9,7,1,4,3,9,3,5,9', '1', 73.914, '2016-11-16 19:11:00'),
('jpschnel_buffalo', '1,5,2,2,9,6,4,6,8,5,1,6,8,4,6,9,7,4,5,1,7,8,8,0,8,2', '1', 75.439, '2016-11-16 19:11:05'),
('davideva_buffalo', '4,8,5,1,6,1,1,3,1,6,6,5,9,2,6,5,5,7,7,5,5,3,2,0,6,7', '1', 93.451, '2016-11-16 19:11:23'),
('evantrue_buffalo', '8,2,9,3,9,6,0,3,0,7,1,2,9,0,4,1,9,0,9,6,3,8,3,1,5,6', '1', 111.358, '2016-11-16 19:11:25'),
('fyang23_buffalo', '2,7,7,7,5,8,2,6,7,5,7,1,7,1,9,4,2,3,3,2,5,2,3,9,5,3', '3', 43, '2016-11-16 19:11:33'),
('kaiyukan_buffalo', '9,9,4,1,8,3,0,7,8,7,0,1,2,1,8,9,0,6,3,6,2,1,1,8,2,2', '3', 3, '2016-11-16 19:11:37'),
('jpschnel_buffalo', '1,5,2,2,9,6,4,6,8,5,1,6,8,4,6,9,7,4,5,1,7,8,8,0,8,2', '1', 52.547, '2016-11-16 19:12:12'),
('sjmarcy_buffalo', '4,3,4,8,7,4,6,9,6,4,4,2,7,4,9,5,9,9,0,5,9,7,1,6,5,5', '1', 188.784, '2016-11-16 19:12:20'),
('murphy53_buffalo', '4,4,4,7,3,9,8,8,3,1,2,1,0,8,7,0,8,9,7,1,4,3,9,3,5,9', '2', 77, '2016-11-16 19:12:24'),
('bli5_buffalo', '1,6,1,4,6,5,5,3,1,6,3,3,7,1,3,6,6,5,8,9,7,3,9,1,8,0', '3', 167, '2016-11-16 19:12:27'),
('evantrue_buffalo', '8,2,9,3,9,6,0,3,0,7,1,2,9,0,4,1,9,0,9,6,3,8,3,1,5,6', '1', 60.611, '2016-11-16 19:12:28'),
('davideva_buffalo', '4,8,5,1,6,1,1,3,1,6,6,5,9,2,6,5,5,7,7,5,5,3,2,0,6,7', '1', 77.065, '2016-11-16 19:13:10'),
('kaiyukan_buffalo', '9,9,4,1,8,3,0,7,8,7,0,1,2,1,8,9,0,6,3,6,2,1,1,8,2,2', '1', 95.397, '2016-11-16 19:13:13'),
('murphy53_buffalo', '4,4,4,7,3,9,8,8,3,1,2,1,0,8,7,0,8,9,7,1,4,3,9,3,5,9', '1', 58.938, '2016-11-16 19:13:26'),
('jpschnel_buffalo', '1,5,2,2,9,6,4,6,8,5,1,6,8,4,6,9,7,4,5,1,7,8,8,0,8,2', '1', 69.792, '2016-11-16 19:13:32'),
('davideva_buffalo', '4,8,5,1,6,1,1,3,1,6,6,5,9,2,6,5,5,7,7,5,5,3,2,0,6,7', '2', 30, '2016-11-16 19:13:56'),
('jessetay_buffalo', '6,7,0,8,7,6,7,1,2,0,0,8,8,4,8,6,7,8,5,9,9,0,9,0,1,8', '1', 81.283, '2016-11-16 19:14:14'),
('murphy53_buffalo', '4,4,4,7,3,9,8,8,3,1,2,1,0,8,7,0,8,9,7,1,4,3,9,3,5,9', '1', 62.21, '2016-11-16 19:14:48'),
('evantrue_buffalo', '8,2,9,3,9,6,0,3,0,7,1,2,9,0,4,1,9,0,9,6,3,8,3,1,5,6', '1', 165.826, '2016-11-16 19:15:17'),
('davideva_buffalo', '4,8,5,1,6,1,1,3,1,6,6,5,9,2,6,5,5,7,7,5,5,3,2,0,6,7', '1', 64.992, '2016-11-16 19:15:24'),
('jessetay_buffalo', '6,7,0,8,7,6,7,1,2,0,0,8,8,4,8,6,7,8,5,9,9,0,9,0,1,8', '1', 47.335, '2016-11-16 19:15:27'),
('kaiyukan_buffalo', '9,9,4,1,8,3,0,7,8,7,0,1,2,1,8,9,0,6,3,6,2,1,1,8,2,2', '3', 14, '2016-11-16 19:15:46'),
('evantrue_buffalo', '8,2,9,3,9,6,0,3,0,7,1,2,9,0,4,1,9,0,9,6,3,8,3,1,5,6', '1', 63.39, '2016-11-16 19:16:26'),
('jessetay_buffalo', '6,7,0,8,7,6,7,1,2,0,0,8,8,4,8,6,7,8,5,9,9,0,9,0,1,8', '1', 53.766, '2016-11-16 19:16:28'),
('davideva_buffalo', '4,8,5,1,6,1,1,3,1,6,6,5,9,2,6,5,5,7,7,5,5,3,2,0,6,7', '2', 66, '2016-11-16 19:16:42'),
('jessetay_buffalo', '6,7,0,8,7,6,7,1,2,0,0,8,8,4,8,6,7,8,5,9,9,0,9,0,1,8', '2', 17, '2016-11-16 19:16:51'),
('murphy53_buffalo', '4,4,4,7,3,9,8,8,3,1,2,1,0,8,7,0,8,9,7,1,4,3,9,3,5,9', '1', 57.734, '2016-11-16 19:17:03'),
('wlstewar_buffalo', '4,7,2,7,3,0,9,5,2,6,7,6,3,3,3,3,2,1,9,1,9,7,1,5,4,6', '1', 90.492, '2016-11-16 19:17:04'),
('jake.condello_other', '8,3,3,7,4,8,7,2,4,1,2,3,8,1,0,6,8,3,9,9,4,0,5,1,3,2', '1', 50.988, '2016-11-16 19:17:59'),
('evantrue_buffalo', '8,2,9,3,9,6,0,3,0,7,1,2,9,0,4,1,9,0,9,6,3,8,3,1,5,6', '1', 78.019, '2016-11-16 19:18:06'),
('davideva_buffalo', '4,8,5,1,6,1,1,3,1,6,6,5,9,2,6,5,5,7,7,5,5,3,2,0,6,7', '1', 74.53, '2016-11-16 19:18:07'),
('jessetay_buffalo', '6,7,0,8,7,6,7,1,2,0,0,8,8,4,8,6,7,8,5,9,9,0,9,0,1,8', '2', 75, '2016-11-16 19:18:19'),
('hartloff_buffalo', '6,0,6,5,8,9,0,6,3,4,0,1,3,1,6,7,6,4,0,2,8,7,4,6,1,2', '3', 102, '2016-11-16 19:18:24'),
('murphy53_buffalo', '4,4,4,7,3,9,8,8,3,1,2,1,0,8,7,0,8,9,7,1,4,3,9,3,5,9', '1', 72.962, '2016-11-16 19:18:26'),
('wlstewar_buffalo', '4,7,2,7,3,0,9,5,2,6,7,6,3,3,3,3,2,1,9,1,9,7,1,5,4,6', '2', 82, '2016-11-16 19:18:31'),
('jake.condello_other', '8,3,3,7,4,8,7,2,4,1,2,3,8,1,0,6,8,3,9,9,4,0,5,1,3,2', '1', 61.606, '2016-11-16 19:19:04'),
('eggarwol_buffalo', '5,9,8,2,7,1,4,4,6,8,2,2,1,4,3,7,6,3,2,1,4,0,8,7,8,4', '3', 11, '2016-11-16 19:19:05'),
('crdushko_buffalo', '1,8,5,8,6,6,0,0,2,1,3,7,8,5,8,7,5,6,3,4,0,3,0,2,4,0', '1', 106.671, '2016-11-16 19:19:12'),
('jessetay_buffalo', '6,7,0,8,7,6,7,1,2,0,0,8,8,4,8,6,7,8,5,9,9,0,9,0,1,8', '2', 66, '2016-11-16 19:19:35'),
('davideva_buffalo', '4,8,5,1,6,1,1,3,1,6,6,5,9,2,6,5,5,7,7,5,5,3,2,0,6,7', '3', 4, '2016-11-16 19:19:46'),
('jake.condello_other', '8,3,3,7,4,8,7,2,4,1,2,3,8,1,0,6,8,3,9,9,4,0,5,1,3,2', '2', 35, '2016-11-16 19:19:46'),
('murphy53_buffalo', '4,4,4,7,3,9,8,8,3,1,2,1,0,8,7,0,8,9,7,1,4,3,9,3,5,9', '1', 68.358, '2016-11-16 19:20:08'),
('crdushko_buffalo', '1,8,5,8,6,6,0,0,2,1,3,7,8,5,8,7,5,6,3,4,0,3,0,2,4,0', '2', 77, '2016-11-16 19:20:39'),
('davideva_buffalo', '4,8,5,1,6,1,1,3,1,6,6,5,9,2,6,5,5,7,7,5,5,3,2,0,6,7', '2', 53, '2016-11-16 19:20:40'),
('bli5_buffalo', '1,6,1,4,6,5,5,3,1,6,3,3,7,1,3,6,6,5,8,9,7,3,9,1,8,0', '3', 77, '2016-11-16 19:20:56'),
('jessetay_buffalo', '6,7,0,8,7,6,7,1,2,0,0,8,8,4,8,6,7,8,5,9,9,0,9,0,1,8', '2', 66, '2016-11-16 19:21:01'),
('wlstewar_buffalo', '4,7,2,7,3,0,9,5,2,6,7,6,3,3,3,3,2,1,9,1,9,7,1,5,4,6', '3', 68, '2016-11-16 19:21:36'),
('swilser_buffalo', '9,7,5,3,8,4,3,0,8,9,7,0,4,8,9,2,2,4,3,7,2,8,0,3,4,4', '1', 80.698, '2016-11-16 19:22:29'),
('jessetay_buffalo', '6,7,0,8,7,6,7,1,2,0,0,8,8,4,8,6,7,8,5,9,9,0,9,0,1,8', '3', 1, '2016-11-16 19:22:36'),
('murphy53_buffalo', '4,4,4,7,3,9,8,8,3,1,2,1,0,8,7,0,8,9,7,1,4,3,9,3,5,9', '1', 68.552, '2016-11-16 19:23:04'),
('swilser_buffalo', '9,7,5,3,8,4,3,0,8,9,7,0,4,8,9,2,2,4,3,7,2,8,0,3,4,4', '2', 56, '2016-11-16 19:23:31'),
('crdushko_buffalo', '1,8,5,8,6,6,0,0,2,1,3,7,8,5,8,7,5,6,3,4,0,3,0,2,4,0', '3', 80, '2016-11-16 19:24:24'),
('wlstewar_buffalo', '4,7,2,7,3,0,9,5,2,6,7,6,3,3,3,3,2,1,9,1,9,7,1,5,4,6', '3', 48, '2016-11-16 19:24:43'),
('murphy53_buffalo', '4,4,4,7,3,9,8,8,3,1,2,1,0,8,7,0,8,9,7,1,4,3,9,3,5,9', '2', 139, '2016-11-16 19:25:27'),
('wlstewar_buffalo', '4,7,2,7,3,0,9,5,2,6,7,6,3,3,3,3,2,1,9,1,9,7,1,5,4,6', '1', 51.08, '2016-11-16 19:25:35'),
('evantrue_buffalo', '8,2,9,3,9,6,0,3,0,7,1,2,9,0,4,1,9,0,9,6,3,8,3,1,5,6', '3', 4, '2016-11-16 19:25:59'),
('hartloff_buffalo', '6,0,6,5,8,9,0,6,3,4,0,1,3,1,6,7,6,4,0,2,8,7,4,6,1,2', '3', 60, '2016-11-16 19:26:02'),
('murphy53_buffalo', '4,4,4,7,3,9,8,8,3,1,2,1,0,8,7,0,8,9,7,1,4,3,9,3,5,9', '1', 107.691, '2016-11-16 19:27:18'),
('jessetay_buffalo', '6,7,0,8,7,6,7,1,2,0,0,8,8,4,8,6,7,8,5,9,9,0,9,0,1,8', '2', 13, '2016-11-16 19:28:09'),
('wlstewar_buffalo', '4,7,2,7,3,0,9,5,2,6,7,6,3,3,3,3,2,1,9,1,9,7,1,5,4,6', '3', 51, '2016-11-16 19:28:37'),
('swilser_buffalo', '9,7,5,3,8,4,3,0,8,9,7,0,4,8,9,2,2,4,3,7,2,8,0,3,4,4', '3', 60, '2016-11-16 19:28:59'),
('mjluck_buffalo', '2,6,2,8,3,1,7,8,0,5,3,1,5,4,2,0,1,0,5,5,8,9,0,8,1,1', '1', 101.166, '2016-11-16 19:30:17'),
('wlstewar_buffalo', '4,7,2,7,3,0,9,5,2,6,7,6,3,3,3,3,2,1,9,1,9,7,1,5,4,6', '1', 40.147, '2016-11-16 19:30:47'),
('mjluck_buffalo', '2,6,2,8,3,1,7,8,0,5,3,1,5,4,2,0,1,0,5,5,8,9,0,8,1,1', '2', 34, '2016-11-16 19:31:09'),
('jessetay_buffalo', '6,7,0,8,7,6,7,1,2,0,0,8,8,4,8,6,7,8,5,9,9,0,9,0,1,8', '1', 54.944, '2016-11-16 19:33:00'),
('jessetay_buffalo', '6,7,0,8,7,6,7,1,2,0,0,8,8,4,8,6,7,8,5,9,9,0,9,0,1,8', '2', 74, '2016-11-16 19:34:18'),
('wlstewar_buffalo', '4,7,2,7,3,0,9,5,2,6,7,6,3,3,3,3,2,1,9,1,9,7,1,5,4,6', '3', 10, '2016-11-16 19:35:29'),
('nwhahn_buffalo', '2,6,5,9,3,4,8,1,1,5,1,6,3,3,5,5,2,5,0,5,0,6,9,7,6,1', '2', 104, '2016-11-16 19:35:33'),
('wlstewar_buffalo', '4,7,2,7,3,0,9,5,2,6,7,6,3,3,3,3,2,1,9,1,9,7,1,5,4,6', '1', 47.189, '2016-11-16 19:36:22'),
('rundali_buffalo', '3,0,6,6,2,9,8,1,1,1,1,0,1,2,7,4,0,2,1,7,9,0,5,8,7,9', '1', 121.174, '2016-11-16 19:36:27'),
('nwhahn_buffalo', '2,6,5,9,3,4,8,1,1,5,1,6,3,3,5,5,2,5,0,5,0,6,9,7,6,1', '3', 2, '2016-11-16 19:36:58'),
('rundali_buffalo', '3,0,6,6,2,9,8,1,1,1,1,0,1,2,7,4,0,2,1,7,9,0,5,8,7,9', '2', 103, '2016-11-16 19:38:24'),
('nwhahn_buffalo', '2,6,5,9,3,4,8,1,1,5,1,6,3,3,5,5,2,5,0,5,0,6,9,7,6,1', '1', 75.263, '2016-11-16 19:41:41'),
('wlstewar_buffalo', '1,6,1,0,8,6,4,9,2,4,8,5,0,4,6,4,7,0,5,4,1,7,0,1,1,7', '2', 18, '2016-11-16 19:45:05'),
('wlstewar_buffalo', '1,6,1,0,8,6,4,9,2,4,8,5,0,4,6,4,7,0,5,4,1,7,0,1,1,7', '1', 80.176, '2016-11-16 19:46:50'),
('xiaofeil_buffalo', '5,8,9,9,6,9,2,5,4,8,5,9,5,6,4,4,1,5,4,2,2,3,7,3,4,0', '1', 79.492, '2016-11-16 19:55:02'),
('xiaofeil_buffalo', '5,8,9,9,6,9,2,5,4,8,5,9,5,6,4,4,1,5,4,2,2,3,7,3,4,0', '2', 76, '2016-11-16 19:56:26'),
('shokoors_buffalo', '2,3,7,8,9,4,7,2,3,4,8,7,5,4,9,3,9,4,8,0,2,4,1,9,5,3', '1', 97.014, '2016-11-16 19:57:32'),
('shokoors_buffalo', '2,3,7,8,9,4,7,2,3,4,8,7,5,4,9,3,9,4,8,0,2,4,1,9,5,3', '2', 49, '2016-11-16 19:58:27'),
('meschmidt125_other', '2,6,6,2,6,3,2,2,7,8,2,2,6,2,3,3,9,4,9,7,2,6,6,2,1,8', '1', 66.841, '2016-11-16 20:00:31'),
('shokoors_buffalo', '2,3,7,8,9,4,7,2,3,4,8,7,5,4,9,3,9,4,8,0,2,4,1,9,5,3', '3', 7, '2016-11-16 20:02:24'),
('meschmidt125_other', '2,6,6,2,6,3,2,2,7,8,2,2,6,2,3,3,9,4,9,7,2,6,6,2,1,8', '2', 77, '2016-11-16 20:03:11'),
('xiaofeil_buffalo', '5,8,9,9,6,9,2,5,4,8,5,9,5,6,4,4,1,5,4,2,2,3,7,3,4,0', '3', 67, '2016-11-16 20:04:22'),
('meschmidt125_other', '2,6,6,2,6,3,2,2,7,8,2,2,6,2,3,3,9,4,9,7,2,6,6,2,1,8', '3', 63, '2016-11-16 20:07:58'),
('hartloff_buffalo', '6,0,6,5,8,9,0,6,3,4,0,1,3,1,6,7,6,4,0,2,8,7,4,6,1,2', '3', 8, '2016-11-16 20:17:35'),
('saisaokh_buffalo', '4,7,3,8,2,1,4,1,4,2,5,4,8,2,3,4,3,7,0,0,1,5,4,5,0,5', '2', 94, '2016-11-16 20:17:47'),
('jake.condello_other', '8,3,3,7,4,8,7,2,4,1,2,3,8,1,0,6,8,3,9,9,4,0,5,1,3,2', '3', 43, '2016-11-16 20:58:14'),
('carlnues_buffalo', '9,5,5,7,5,0,0,5,7,7,1,7,3,2,5,5,1,5,3,0,5,4,4,5,8,1', '3', 5, '2016-11-16 21:52:41'),
('jhuang42_buffalo', '5,0,8,4,1,7,2,0,8,0,5,4,3,9,7,7,1,8,4,8,1,1,0,1,6,4', '1', 80.991, '2016-11-16 22:39:32'),
('jhuang42_buffalo', '5,0,8,4,1,7,2,0,8,0,5,4,3,9,7,7,1,8,4,8,1,1,0,1,6,4', '2', 81, '2016-11-16 22:40:58'),
('jhuang42_buffalo', '5,0,8,4,1,7,2,0,8,0,5,4,3,9,7,7,1,8,4,8,1,1,0,1,6,4', '3', 7, '2016-11-16 22:41:55'),
('iacaneda_buffalo', '7,8,7,7,1,9,6,2,5,8,4,7,7,8,0,0,4,5,2,5,4,5,9,4,6,0', '1', 57.316, '2016-11-16 22:57:36'),
('iacaneda_buffalo', '7,8,7,7,1,9,6,2,5,8,4,7,7,8,0,0,4,5,2,5,4,5,9,4,6,0', '1', 101.522, '2016-11-16 22:59:44'),
('iacaneda_buffalo', '7,8,7,7,1,9,6,2,5,8,4,7,7,8,0,0,4,5,2,5,4,5,9,4,6,0', '1', 75.703, '2016-11-16 23:02:37'),
('iacaneda_buffalo', '7,8,7,7,1,9,6,2,5,8,4,7,7,8,0,0,4,5,2,5,4,5,9,4,6,0', '1', 55.488, '2016-11-16 23:03:36'),
('iacaneda_buffalo', '7,8,7,7,1,9,6,2,5,8,4,7,7,8,0,0,4,5,2,5,4,5,9,4,6,0', '1', 53.8, '2016-11-16 23:07:15'),
('iacaneda_buffalo', '7,8,7,7,1,9,6,2,5,8,4,7,7,8,0,0,4,5,2,5,4,5,9,4,6,0', '1', 75.471, '2016-11-16 23:08:36'),
('iacaneda_buffalo', '7,8,7,7,1,9,6,2,5,8,4,7,7,8,0,0,4,5,2,5,4,5,9,4,6,0', '2', 80, '2016-11-16 23:09:59'),
('iacaneda_buffalo', '7,8,7,7,1,9,6,2,5,8,4,7,7,8,0,0,4,5,2,5,4,5,9,4,6,0', '3', 168, '2016-11-16 23:22:45'),
('dff72324_other', '9,0,7,3,2,8,5,0,6,9,8,3,5,9,0,2,7,9,1,4,2,3,4,5,1,1', '1', 68.486, '2016-11-16 23:52:17'),
('dff72324_other', '9,0,7,3,2,8,5,0,6,9,8,3,5,9,0,2,7,9,1,4,2,3,4,5,1,1', '1', 59.716, '2016-11-16 23:53:25'),
('dff72324_other', '9,0,7,3,2,8,5,0,6,9,8,3,5,9,0,2,7,9,1,4,2,3,4,5,1,1', '1', 77.408, '2016-11-16 23:54:47'),
('dff72324_other', '9,0,7,3,2,8,5,0,6,9,8,3,5,9,0,2,7,9,1,4,2,3,4,5,1,1', '1', 55.486, '2016-11-16 23:55:51'),
('dff72324_other', '9,0,7,3,2,8,5,0,6,9,8,3,5,9,0,2,7,9,1,4,2,3,4,5,1,1', '1', 64.566, '2016-11-16 23:57:02'),
('dff72324_other', '9,0,7,3,2,8,5,0,6,9,8,3,5,9,0,2,7,9,1,4,2,3,4,5,1,1', '2', 92, '2016-11-16 23:58:50'),
('dff72324_other', '9,0,7,3,2,8,5,0,6,9,8,3,5,9,0,2,7,9,1,4,2,3,4,5,1,1', '2', 69, '2016-11-17 00:00:08'),
('dff72324_other', '9,0,7,3,2,8,5,0,6,9,8,3,5,9,0,2,7,9,1,4,2,3,4,5,1,1', '3', 135, '2016-11-17 00:06:33'),
('dff72324_other', '9,0,7,3,2,8,5,0,6,9,8,3,5,9,0,2,7,9,1,4,2,3,4,5,1,1', '3', 122, '2016-11-17 00:12:35'),
('dff72324_other', '9,0,7,3,2,8,5,0,6,9,8,3,5,9,0,2,7,9,1,4,2,3,4,5,1,1', '3', 46, '2016-11-17 00:16:13'),
('satyakra_buffalo', '0,5,6,6,6,3,6,5,1,8,9,1,5,4,2,6,8,6,0,6,1,5,7,6,3,6', '1', 62.793, '2016-11-17 00:43:36'),
('satyakra_buffalo', '0,5,6,6,6,3,6,5,1,8,9,1,5,4,2,6,8,6,0,6,1,5,7,6,3,6', '2', 79, '2016-11-17 00:45:05'),
('satyakra_buffalo', '0,5,6,6,6,3,6,5,1,8,9,1,5,4,2,6,8,6,0,6,1,5,7,6,3,6', '3', 57, '2016-11-17 00:49:14'),
('dershent_buffalo', '8,8,1,8,9,7,5,2,4,7,9,3,9,8,9,6,2,6,1,3,2,1,5,5,9,2', '1', 142.249, '2016-11-17 03:11:15'),
('dershent_buffalo', '8,8,1,8,9,7,5,2,4,7,9,3,9,8,9,6,2,6,1,3,2,1,5,5,9,2', '2', 116, '2016-11-17 03:13:25'),
('dershent_buffalo', '8,8,1,8,9,7,5,2,4,7,9,3,9,8,9,6,2,6,1,3,2,1,5,5,9,2', '3', 30, '2016-11-17 03:34:24'),
('jake.condello_other', '8,3,3,7,4,8,7,2,4,1,2,3,8,1,0,6,8,3,9,9,4,0,5,1,3,2', '3', 6, '2016-11-17 03:47:49'),
('dff72324_other', '9,0,7,3,2,8,5,0,6,9,8,3,5,9,0,2,7,9,1,4,2,3,4,5,1,1', '1', 61.439, '2016-11-17 04:14:06'),
('dff72324_other', '9,0,7,3,2,8,5,0,6,9,8,3,5,9,0,2,7,9,1,4,2,3,4,5,1,1', '1', 52.139, '2016-11-17 04:16:03'),
('dff72324_other', '9,0,7,3,2,8,5,0,6,9,8,3,5,9,0,2,7,9,1,4,2,3,4,5,1,1', '3', 52, '2016-11-17 04:21:35'),
('dff72324_other', '9,0,7,3,2,8,5,0,6,9,8,3,5,9,0,2,7,9,1,4,2,3,4,5,1,1', '3', 29, '2016-11-17 21:15:47'),
('dff72324_other', '9,0,7,3,2,8,5,0,6,9,8,3,5,9,0,2,7,9,1,4,2,3,4,5,1,1', '1', 68.929, '2016-11-17 21:17:00'),
('bli5_buffalo', '1,6,1,4,6,5,5,3,1,6,3,3,7,1,3,6,6,5,8,9,7,3,9,1,8,0', '1', 49.822, '2016-11-17 21:24:16'),
('erickher_buffalo', '3,7,3,4,7,7,0,6,9,6,0,1,5,7,8,2,4,6,1,1,3,8,2,2,3,6', '1', 96.43, '2016-11-18 00:57:34'),
('erickher_buffalo', '3,7,3,4,7,7,0,6,9,6,0,1,5,7,8,2,4,6,1,1,3,8,2,2,3,6', '2', 89, '2016-11-18 00:59:17'),
('erickher_buffalo', '3,7,3,4,7,7,0,6,9,6,0,1,5,7,8,2,4,6,1,1,3,8,2,2,3,6', '3', 18, '2016-11-18 01:01:27'),
('shawnmathew93_other', '2,9,1,1,9,8,6,1,9,0,0,6,9,4,7,0,1,0,3,6,0,6,5,0,2,7', '3', 2, '2016-11-18 01:13:50');

--
-- Indexes for dumped tables
--

--
-- Indexes for table `Maps`
--
ALTER TABLE `Maps`
  ADD PRIMARY KEY (`UserId`);

--
-- Indexes for table `SessionTokens`
--
ALTER TABLE `SessionTokens`
  ADD PRIMARY KEY (`UserId`);

--
-- Indexes for table `Users`
--
ALTER TABLE `Users`
  ADD PRIMARY KEY (`UserId`);

/*!40101 SET CHARACTER_SET_CLIENT=@OLD_CHARACTER_SET_CLIENT */;
/*!40101 SET CHARACTER_SET_RESULTS=@OLD_CHARACTER_SET_RESULTS */;
/*!40101 SET COLLATION_CONNECTION=@OLD_COLLATION_CONNECTION */;
